"url","fetchedFrom","status","title","description","canonical","ogUrl","ogType","textLength","mainBodyPresent","flags"
"https://www.moscowmix.com/","https://www.moscowmix.com/","200","Moscow Mix | Pure Copper Mugs and Natural Fire Starters","Moscow Mix creates solid 100% pure copper mugs and natural fire starters with authenticity and purity at their core.","https://www.moscowmix.com/","https://www.moscowmix.com","website","4958","true",""
"https://www.moscowmix.com/shop/copper","https://www.moscowmix.com/shop/copper","200","Premium Pure Copper Mugs &amp; Drinkware | Moscow Mix","Shop 100% pure copper mugs, water bottles, and jugs crafted for cold drinks, considered hydration, and lasting use.","https://www.moscowmix.com/shop/copper","https://www.moscowmix.com","website","3342","true","og-url-mismatch"
"https://www.moscowmix.com/shop/fire","https://www.moscowmix.com/shop/fire","200","Natural Wood Wool Fire Starters | Moscow Mix","Shop natural wood wool fire starters for fireplaces, camping, grilling, pizza ovens, and outdoor fires.","https://www.moscowmix.com/shop/fire","https://www.moscowmix.com","website","3202","true","og-url-mismatch"
"https://www.moscowmix.com/journal","https://www.moscowmix.com/journal","200","Journal | Moscow Mix","Stories, guides, recipes, and practical advice about pure copper drinkware, Moscow Mules, natural fire starters, and considered living.","https://www.moscowmix.com/journal","https://www.moscowmix.com","website","2141","true","og-url-mismatch"
"https://www.moscowmix.com/about","https://www.moscowmix.com/about","200","Our Story | Moscow Mix","Discover Moscow Mix and our focus on pure copper drinkware, natural materials, practical craft, and products designed to last.","https://www.moscowmix.com/about","https://www.moscowmix.com","website","1467","true","og-url-mismatch"
"https://www.moscowmix.com/contact","https://www.moscowmix.com/contact","200","Contact | Moscow Mix","Contact Moscow Mix for product, care, order, or partnership questions.","https://www.moscowmix.com/contact","https://www.moscowmix.com","website","596","true","og-url-mismatch"
"https://www.moscowmix.com/product/premium-pure-copper-mugs-4-pk--(16oz)","https://www.moscowmix.com/product/premium-pure-copper-mugs-4-pk--(16oz)","200","Premium Pure Copper Mugs 4 PK  (16oz) | Moscow Mix","Crafted from 100% pure copper, this mug delivers the coldest, cleanest, most refreshing drink experience possible. The hammered finish adds grip, character, and premium texture. Perfect for Moscow Mules, cocktails, mocktails, or daily hydration.","https://www.moscowmix.com/product/premium-pure-copper-mugs-4-pk--(16oz)","https://www.moscowmix.com/product/premium-pure-copper-mugs-4-pk--(16oz)","website","2896","true",""
"https://www.moscowmix.com/product/premium-pure-copper-mugs-2-pk-(16oz)","https://www.moscowmix.com/product/premium-pure-copper-mugs-2-pk-(16oz)","200","Premium Pure Copper Mugs 2 PK (16oz) | Moscow Mix","Discover the enduring allure of pure copper with our exquisite 16oz 2 pack Moscow Mule mugs. Each piece is a testament to heritage craftsmanship, meticulously shaped for an elegant aesthetic and unparalleled drinking pleasure. Elevate your every moment with a touch of elemental luxury.","https://www.moscowmix.com/product/premium-pure-copper-mugs-2-pk-(16oz)","https://www.moscowmix.com/product/premium-pure-copper-mugs-2-pk-(16oz)","website","2944","true",""
"https://www.moscowmix.com/product/pure-copper-70-oz-water-pitcher-tall","https://www.moscowmix.com/product/pure-copper-70-oz-water-pitcher-tall","200","Pure Copper 70 Oz Water Pitcher Tall | Moscow Mix","Experience timeless elegance with our Pure Copper 70 Oz Water Pitcher, a refined heirloom-quality piece designed and handcrafted to grace any setting. Its elemental beauty and luxurious presence elevate simple hydration into a profound, healthful ritual.","https://www.moscowmix.com/product/pure-copper-70-oz-water-pitcher-tall","https://www.moscowmix.com/product/pure-copper-70-oz-water-pitcher-tall","website","2379","true",""
"https://www.moscowmix.com/product/pure-copper-70-oz-water-pitcher","https://www.moscowmix.com/product/pure-copper-70-oz-water-pitcher","200","Pure Copper 70 Oz Water Pitcher | Moscow Mix","Immerse yourself in a tradition of purity with our exquisite Pure Copper Water Pitcher. Our 70 OZ 100% copper jug&#x27;s radiant, elemental beauty is artisan-crafted to enrich your hydration ritual, transforming every pour into an act of luxurious, timeless well-being.","https://www.moscowmix.com/product/pure-copper-70-oz-water-pitcher","https://www.moscowmix.com/product/pure-copper-70-oz-water-pitcher","website","2378","true",""
"https://www.moscowmix.com/product/copper-mule-16oz","https://www.moscowmix.com/product/copper-mule-16oz","200","Premium Pure Copper Mugs 4 PK w/ Brass Handles (16oz) | Moscow Mix","Crafted from 100% pure copper, this mug delivers the coldest, cleanest, most refreshing drink experience possible. The hammered finish adds grip, character, and premium texture. Perfect for Moscow Mules, cocktails, mocktails, or daily hydration.","https://www.moscowmix.com/product/copper-mule-16oz","https://www.moscowmix.com/product/copper-mule-16oz","website","2884","true",""
"https://www.moscowmix.com/product/copper-water-bottle-34oz","https://www.moscowmix.com/product/copper-water-bottle-34oz","200","Pure Copper Water Bottle (34oz) | Moscow Mix","This bottle is crafted from single-sheet pure copper, designed to deliver refreshing hydration with a naturally purifying effect. Sleek, minimal, and durable for everyday use. No plastic, no steel taste, just clean copper.","https://www.moscowmix.com/product/copper-water-bottle-34oz","https://www.moscowmix.com/product/copper-water-bottle-34oz","website","2683","true",""
"https://www.moscowmix.com/product/fire-starters-150","https://www.moscowmix.com/product/fire-starters-150","200","Natural Wood Wool Fire Starters (150 pc) | Moscow Mix","Made from pure wood wool and natural wax, these fire starters ignite instantly and burn cleanly. Odorless, non-toxic, and capable of burning for up to 10 minutes. Safe for stoves, grills, fire pits, and camping.","https://www.moscowmix.com/product/fire-starters-150","https://www.moscowmix.com/product/fire-starters-150","website","2556","true",""
"https://www.moscowmix.com/product/natural-wood-wool-fire-starters-(75-pc)","https://www.moscowmix.com/product/natural-wood-wool-fire-starters-(75-pc)","200","Natural Wood Wool Fire Starters (75 pc) | Moscow Mix","Elevate your fire-starting ritual with our 75 pc box of Natural Wood Wool Fire Starters, an elegant, elemental embrace of nature&#x27;s finest. These heritage-inspired igniters promise a swift, clean burn, delivering effortless luxury to every flame. Using just wood and wax, each our eco-friendly natural fire starters have an 8-10 burn time to get your fire going.","https://www.moscowmix.com/product/natural-wood-wool-fire-starters-(75-pc)","https://www.moscowmix.com/product/natural-wood-wool-fire-starters-(75-pc)","website","2769","true",""
"https://www.moscowmix.com/product/natural-wood-wool-fire-starters-(25-pc)","https://www.moscowmix.com/product/natural-wood-wool-fire-starters-(25-pc)","200","Natural Wood Wool Fire Starters (25 pc) | Moscow Mix","Elevate your fire-starting ritual with our 25 pc box of Natural Wood Wool Fire Starters, an elegant, elemental embrace of nature&#x27;s finest. These heritage-inspired igniters promise a swift, clean burn, delivering effortless luxury to every flame. Using just wood and wax, each our eco-friendly natural fire starters have an 8-10 burn time to get your fire going.","https://www.moscowmix.com/product/natural-wood-wool-fire-starters-(25-pc)","https://www.moscowmix.com/product/natural-wood-wool-fire-starters-(25-pc)","website","2775","true",""
"https://www.moscowmix.com/product/fire-starter-cubes","https://www.moscowmix.com/product/fire-starter-cubes","200","Fire Starter Cubes (160 pc) | Moscow Mix","Perfect for grilling, home fireplaces, camping, and survival kits. These dense ignition cores offer a sustained burn to get even the most stubborn logs or charcoal going without lighter fluid.","https://www.moscowmix.com/product/fire-starter-cubes","https://www.moscowmix.com/product/fire-starter-cubes","website","2153","true",""
"https://www.moscowmix.com/journal/moscow-mule-recipe","https://www.moscowmix.com/journal/moscow-mule-recipe","200","How to Make a Moscow Mule for a Home Cocktail Night | Moscow Mix","Learn how to make a classic Moscow Mule at home with fresh lime, ginger beer, and copper mugs for a crisp, polished cocktail night.","https://www.moscowmix.com/journal/moscow-mule-recipe","https://www.moscowmix.com/journal/moscow-mule-recipe","article","11697","true",""
"https://www.moscowmix.com/journal/copper-barware-dinner-party","https://www.moscowmix.com/journal/copper-barware-dinner-party","200","Why Our First Dinner Party Began With Copper Barware | Moscow Mix","Discover how copper barware transformed a newlywed couple’s first dinner party, with warm tablescape ideas, hosting tips, and registry inspiration.","https://www.moscowmix.com/journal/copper-barware-dinner-party","https://www.moscowmix.com/journal/copper-barware-dinner-party","article","12099","true",""
"https://www.moscowmix.com/journal/copper-bottle-graduation-gift","https://www.moscowmix.com/journal/copper-bottle-graduation-gift","200","The Pure Copper Water Bottle: The Graduation Gift That Lasts | Moscow Mix","Looking for a meaningful graduation gift that transcends trends? A pure copper water bottle is a beautiful, durable, and thoughtful companion for any graduate&#x27;s next chapter.","https://www.moscowmix.com/journal/copper-bottle-graduation-gift","https://www.moscowmix.com/journal/copper-bottle-graduation-gift","article","8333","true",""
"https://www.moscowmix.com/journal/moscow-mule-fathers-day-gesture","https://www.moscowmix.com/journal/moscow-mule-fathers-day-gesture","200","The Moscow Mule in a Copper Mug Is the Best Father&#x27;s Day Gesture | Moscow Mix","Explore why the act of making a Moscow Mule in a traditional copper mug is a more meaningful Father&#x27;s Day gesture than any store-bought gift.","https://www.moscowmix.com/journal/moscow-mule-fathers-day-gesture","https://www.moscowmix.com/journal/moscow-mule-fathers-day-gesture","article","6947","true",""
"https://www.moscowmix.com/journal/copper-jug-summer-home","https://www.moscowmix.com/journal/copper-jug-summer-home","200","Pure Copper Jugs and Water Bottles for a Quieter Early Summer at Home | Moscow Mix","Discover how to embrace the quiet beauty of early summer at home. Our guide explores how pure copper jugs and water bottles can enhance your daily rituals and well-being.","https://www.moscowmix.com/journal/copper-jug-summer-home","https://www.moscowmix.com/journal/copper-jug-summer-home","article","7643","true",""
"https://www.moscowmix.com/journal/intentional-carry-object","https://www.moscowmix.com/journal/intentional-carry-object","200","The Bottle You Actually Want to Bring With You | Moscow Mix","Discover the art of the &#x27;carry object.&#x27; Learn why choosing a beautiful, well-made copper water bottle can elevate your everyday experiences as you re-emerge outdoors.","https://www.moscowmix.com/journal/intentional-carry-object","https://www.moscowmix.com/journal/intentional-carry-object","article","7172","true",""
"https://www.moscowmix.com/journal/memorial-day-hosting-copper-mugs","https://www.moscowmix.com/journal/memorial-day-hosting-copper-mugs","200","Memorial Day Hosting With Copper Mugs: The Long Weekend That Actually Slows Down | Moscow Mix","Reframe your Memorial Day weekend. Learn how to host a relaxed, meaningful gathering focused on connection, not performance, with tips for slowing down and the role of quality barware.","https://www.moscowmix.com/journal/memorial-day-hosting-copper-mugs","https://www.moscowmix.com/journal/memorial-day-hosting-copper-mugs","article","6621","true",""
"https://www.moscowmix.com/journal/mothers-day-gesture-table","https://www.moscowmix.com/journal/mothers-day-gesture-table","200","The Table You Set for Her: A Different Kind of Mother&#x27;s Day Gesture | Moscow Mix","Discover a more meaningful Mother&#x27;s Day gesture. Learn how the simple, intentional act of setting a beautiful table can express love more than any gift.","https://www.moscowmix.com/journal/mothers-day-gesture-table","https://www.moscowmix.com/journal/mothers-day-gesture-table","article","5368","true",""
"https://www.moscowmix.com/journal/mexican-mule-drink","https://www.moscowmix.com/journal/mexican-mule-drink","200","The Mexican Mule: A Cinco de Mayo Drink Worth Making Properly | Moscow Mix","Discover how to make the perfect Mexican Mule for Cinco de Mayo. Learn why a pure copper mug is essential and find simple recipes for tequila and mezcal variations.","https://www.moscowmix.com/journal/mexican-mule-drink","https://www.moscowmix.com/journal/mexican-mule-drink","article","6481","true",""
"https://www.moscowmix.com/journal/moscow-mule-recipes-spring","https://www.moscowmix.com/journal/moscow-mule-recipes-spring","200","The Best Moscow Mule Recipes for Spring (Cocktails and Mocktails) | Moscow Mix","Discover the best Moscow Mule recipes for spring. From floral cocktails to vibrant, non-alcoholic mocktails, refresh your menu with seasonal ingredients, all served in iconic copper mugs.","https://www.moscowmix.com/journal/moscow-mule-recipes-spring","https://www.moscowmix.com/journal/moscow-mule-recipes-spring","article","7526","true",""
"https://www.moscowmix.com/journal/copper-jug-tablescaping-underrated","https://www.moscowmix.com/journal/copper-jug-tablescaping-underrated","200","The Copper Jug Is the Most Underrated Object on Your Table | Moscow Mix","Explore why a pure copper water jug is the most overlooked yet essential object for elevating your dining table. Learn how it combines beauty, function, and history.","https://www.moscowmix.com/journal/copper-jug-tablescaping-underrated","https://www.moscowmix.com/journal/copper-jug-tablescaping-underrated","article","6584","true",""
"https://www.moscowmix.com/journal/everyday-carry-essentials","https://www.moscowmix.com/journal/everyday-carry-essentials","200","The Things You Carry Every Day Deserve More Thought Than You&#x27;re Giving Them | Moscow Mix","Explore the philosophy of &#x27;Everyday Carry&#x27; and learn why the objects you use daily deserve more intention. Elevate your essentials from disposable to durable.","https://www.moscowmix.com/journal/everyday-carry-essentials","https://www.moscowmix.com/journal/everyday-carry-essentials","article","6679","true",""
"https://www.moscowmix.com/journal/moscow-mule-unchanged-classic","https://www.moscowmix.com/journal/moscow-mule-unchanged-classic","200","The Moscow Mule Hasn&#x27;t Changed. That&#x27;s the Point. | Moscow Mix","Explore why the Moscow Mule has remained unchanged since its invention. Learn how its simple formula and iconic copper mug create a timeless cocktail experience.","https://www.moscowmix.com/journal/moscow-mule-unchanged-classic","https://www.moscowmix.com/journal/moscow-mule-unchanged-classic","article","7503","true",""
"https://www.moscowmix.com/journal/drinking-water-ritual","https://www.moscowmix.com/journal/drinking-water-ritual","200","The Quiet Ritual of Drinking More Water | Moscow Mix","Discover how to transform the mundane act of drinking water into a mindful daily ritual. Learn why a beautiful copper pitcher can change your habits more effectively than any app.","https://www.moscowmix.com/journal/drinking-water-ritual","https://www.moscowmix.com/journal/drinking-water-ritual","article","7153","true",""
"https://www.moscowmix.com/journal/water-bottle-identity","https://www.moscowmix.com/journal/water-bottle-identity","200","Your Water Bottle Says More About You Than You Think | Moscow Mix","Explore the deeper meaning behind your choice of water bottle. From disposable plastic to timeless copper, learn what your daily carry says about your lifestyle and values.","https://www.moscowmix.com/journal/water-bottle-identity","https://www.moscowmix.com/journal/water-bottle-identity","article","6505","true",""
"https://www.moscowmix.com/journal/irish-mule-copper-mug","https://www.moscowmix.com/journal/irish-mule-copper-mug","200","The Perfect St. Patrick&#x27;s Day Cocktail to Serve in a Copper Mug | Moscow Mix","Elevate your St. Patrick&#x27;s Day with the perfect Irish Mule recipe. Learn why serving this festive whiskey cocktail in a 100% pure copper mug is essential for taste and temperature.","https://www.moscowmix.com/journal/irish-mule-copper-mug","https://www.moscowmix.com/journal/irish-mule-copper-mug","article","6646","true",""
"https://www.moscowmix.com/journal/copper-end-disposable-living","https://www.moscowmix.com/journal/copper-end-disposable-living","200","Why Copper Is Leading the End of Disposable Living | Moscow Mix","Explore the cultural shift from disposable goods to &#x27;forever materials.&#x27; Discover why copper&#x27;s durability and timeless beauty are making it a symbol of intentional, sustainable living.","https://www.moscowmix.com/journal/copper-end-disposable-living","https://www.moscowmix.com/journal/copper-end-disposable-living","article","7768","true",""
"https://www.moscowmix.com/journal/evenings-feel-longer-rituals","https://www.moscowmix.com/journal/evenings-feel-longer-rituals","200","How to Make Your Evenings Feel Longer (With Fire, Rituals, and Simple Comfort) | Moscow Mix","Reclaim your nights from the rush. Our guide explores how to make evenings feel longer and more meaningful through simple, sensory rituals, not productivity hacks.","https://www.moscowmix.com/journal/evenings-feel-longer-rituals","https://www.moscowmix.com/journal/evenings-feel-longer-rituals","article","6635","true",""
"https://www.moscowmix.com/journal/replacing-plastic-with-copper","https://www.moscowmix.com/journal/replacing-plastic-with-copper","200","What We’re Replacing Plastic With at Home (And Why Copper Is Leading the Shift) | Moscow Mix","Tired of plastic? Discover the quiet shift towards durable, sustainable materials at home and learn why copper water bottles and pitchers are leading the change.","https://www.moscowmix.com/journal/replacing-plastic-with-copper","https://www.moscowmix.com/journal/replacing-plastic-with-copper","article","8544","true",""
"https://www.moscowmix.com/journal/analog-comfort-copper-homes","https://www.moscowmix.com/journal/analog-comfort-copper-homes","200","The Return of Analog Comfort: Why Copper Is Back in Modern Homes | Moscow Mix","Discover the &#x27;analog comfort&#x27; trend and why materials like copper are making a powerful return to modern homes. Explore how tactile objects can help us slow down.","https://www.moscowmix.com/journal/analog-comfort-copper-homes","https://www.moscowmix.com/journal/analog-comfort-copper-homes","article","7448","true",""
"https://www.moscowmix.com/journal/spring-hosting-simple","https://www.moscowmix.com/journal/spring-hosting-simple","200","Why Spring Is the Best Season to Host (And Keep It Simple) | Moscow Mix","Tired of stressful hosting? Discover why spring is the best season for simple, relaxed gatherings that prioritize connection over perfection. Get tips for effortless entertaining.","https://www.moscowmix.com/journal/spring-hosting-simple","https://www.moscowmix.com/journal/spring-hosting-simple","article","6937","true",""
"https://www.moscowmix.com/journal/spring-reset-home-lighter","https://www.moscowmix.com/journal/spring-reset-home-lighter","200","Spring Reset: The Small Changes That Make Home Feel Lighter | Moscow Mix","Embrace a spring reset without the stress of deep cleaning. Learn how small, mindful changes and the beauty of pure copper can make your home feel lighter and more serene.","https://www.moscowmix.com/journal/spring-reset-home-lighter","https://www.moscowmix.com/journal/spring-reset-home-lighter","article","6574","true",""
"https://www.moscowmix.com/journal/moscow-mule-copper-mugs","https://www.moscowmix.com/journal/moscow-mule-copper-mugs","200","Moscow Mule Magic: Why Copper Mugs Make All the Difference | Moscow Mix","Ever wonder why Moscow Mules are served in copper mugs? Explore the science of taste and temperature that makes this iconic vessel essential for the perfect cocktail.","https://www.moscowmix.com/journal/moscow-mule-copper-mugs","https://www.moscowmix.com/journal/moscow-mule-copper-mugs","article","8184","true",""
"https://www.moscowmix.com/journal/copper-kitchen-design-trends","https://www.moscowmix.com/journal/copper-kitchen-design-trends","200","Copper in the Kitchen: 2026 Design Trends | Moscow Mix","Step into 2026 with the top kitchen design trend: copper. Learn how this warm, luxurious metal is transforming modern homes, from statement pitchers to elegant barware.","https://www.moscowmix.com/journal/copper-kitchen-design-trends","https://www.moscowmix.com/journal/copper-kitchen-design-trends","article","8645","true",""
"https://www.moscowmix.com/journal/copper-mugs-housewarming-gifts","https://www.moscowmix.com/journal/copper-mugs-housewarming-gifts","200","5 Reasons Copper Mugs Make the BEST Housewarming Gifts | Moscow Mix","Looking for the perfect housewarming gift? Discover 5 compelling reasons why pure hammered copper mugs from Moscow Mix are the most stylish, memorable, and thoughtful choice for new homeowners.","https://www.moscowmix.com/journal/copper-mugs-housewarming-gifts","https://www.moscowmix.com/journal/copper-mugs-housewarming-gifts","article","9127","true",""
"https://www.moscowmix.com/journal/valentines-day-at-home-luxury","https://www.moscowmix.com/journal/valentines-day-at-home-luxury","200","A Valentine’s Day at Home Is the New Luxury | Moscow Mix","Escape the Valentine&#x27;s Day pressure. Explore why celebrating at home is the new luxury, focusing on connection, intimacy, and creating a warm, romantic atmosphere.","https://www.moscowmix.com/journal/valentines-day-at-home-luxury","https://www.moscowmix.com/journal/valentines-day-at-home-luxury","article","6942","true",""
"https://www.moscowmix.com/journal/copper-trend-2026","https://www.moscowmix.com/journal/copper-trend-2026","200","Why Copper Will Be the Most Sought-After Metal in 2026 | Moscow Mix","Explore the key factors positioning copper to be the most sought-after metal in 2026. From its role in green tech to wellness trends and home design.","https://www.moscowmix.com/journal/copper-trend-2026","https://www.moscowmix.com/journal/copper-trend-2026","article","8273","true",""
"https://www.moscowmix.com/journal/fire-starters-home-essential","https://www.moscowmix.com/journal/fire-starters-home-essential","200","Why Fire Starters Are Becoming a Modern Home Essential | Moscow Mix","Explore the shift of fire starters from a camping utility to a modern home essential. Learn why natural, chemical-free options are perfect for today&#x27;s fireplaces, fire pits, and sophisticated entertaining.","https://www.moscowmix.com/journal/fire-starters-home-essential","https://www.moscowmix.com/journal/fire-starters-home-essential","article","7649","true",""
"https://www.moscowmix.com/journal/expensive-feeling-gift-guide","https://www.moscowmix.com/journal/expensive-feeling-gift-guide","200","What Makes a Gift Feel Expensive (Even When It’s Not) | Moscow Mix","Unlock the secrets to giving gifts that feel expensive and luxurious, regardless of the price. Explore the impact of material, craftsmanship, and utility with Moscow Mix.","https://www.moscowmix.com/journal/expensive-feeling-gift-guide","https://www.moscowmix.com/journal/expensive-feeling-gift-guide","article","8234","true",""
"https://www.moscowmix.com/journal/fireplace-lighting-problems","https://www.moscowmix.com/journal/fireplace-lighting-problems","200","Why Your Fireplace Is Harder to Light Than It Should Be | Moscow Mix","Struggling to light your fireplace? Learn why damp wood, poor airflow, and messy kindling are holding you back. Discover how natural fire starters can create an effortless, beautiful fire every time.","https://www.moscowmix.com/journal/fireplace-lighting-problems","https://www.moscowmix.com/journal/fireplace-lighting-problems","article","8010","true",""
"https://www.moscowmix.com/journal/copper-drinkware-care-mistakes","https://www.moscowmix.com/journal/copper-drinkware-care-mistakes","200","The Biggest Mistakes People Make With Copper Drinkware | Moscow Mix","Are you making these common mistakes with your copper drinkware? Learn how to properly clean and care for your copper mugs and pitchers to ensure they last a lifetime.","https://www.moscowmix.com/journal/copper-drinkware-care-mistakes","https://www.moscowmix.com/journal/copper-drinkware-care-mistakes","article","8691","true",""
"https://www.moscowmix.com/journal/great-home-bar-essentials","https://www.moscowmix.com/journal/great-home-bar-essentials","200","What Makes a Great Home Bar (Hint: It’s Not More Bottles) | Moscow Mix","Discover why a great home bar isn&#x27;t about more bottles. Learn how to create an inviting, stylish bar with intentional, high-quality pieces like pure copper mugs.","https://www.moscowmix.com/journal/great-home-bar-essentials","https://www.moscowmix.com/journal/great-home-bar-essentials","article","7658","true",""
"https://www.moscowmix.com/journal/better-fires-home","https://www.moscowmix.com/journal/better-fires-home","200","Fire Without the Fuss: How to Light Better Fires at Home | Moscow Mix","Tired of smoky, unreliable fires? Learn how to light better fires at home with our expert tips. Discover the secret to a clean, easy, and fuss-free fire every time.","https://www.moscowmix.com/journal/better-fires-home","https://www.moscowmix.com/journal/better-fires-home","article","7478","true",""
"https://www.moscowmix.com/journal/copper-resurgence-kitchen-wellness","https://www.moscowmix.com/journal/copper-resurgence-kitchen-wellness","200","Why Copper Is Everywhere Again (From Kitchens to Wellness Rituals) | Moscow Mix","Explore the cultural shift behind copper&#x27;s resurgence. Learn why this timeless, sustainable metal is reappearing in home decor, barware, and wellness practices.","https://www.moscowmix.com/journal/copper-resurgence-kitchen-wellness","https://www.moscowmix.com/journal/copper-resurgence-kitchen-wellness","article","6817","true",""
"https://www.moscowmix.com/journal/moscow-mule-variations-recipes","https://www.moscowmix.com/journal/moscow-mule-variations-recipes","200","The Ultimate Guide to Moscow Mule Variations: Recipes &amp; Twists | Moscow Mix","Discover the ultimate guide to Moscow Mule variations and twists. Explore recipes with bourbon, tequila, and gin, plus fresh fruit and herbal infusions to elevate your cocktail game.","https://www.moscowmix.com/journal/moscow-mule-variations-recipes","https://www.moscowmix.com/journal/moscow-mule-variations-recipes","article","8700","true",""
"https://www.moscowmix.com/journal/rituals-turn-house-home","https://www.moscowmix.com/journal/rituals-turn-house-home","200","The Rituals That Turn a House Into a Home | Moscow Mix","Explore the profound power of daily rituals in transforming a house into a home. Learn how mindful moments with copper drinkware and a warm fire can build a life of comfort and connection.","https://www.moscowmix.com/journal/rituals-turn-house-home","https://www.moscowmix.com/journal/rituals-turn-house-home","article","6623","true",""
"https://www.moscowmix.com/journal/real-copper-mugs-guide","https://www.moscowmix.com/journal/real-copper-mugs-guide","200","Why Real Copper Mugs Are Worth Owning (And How to Spot the Difference) | Moscow Mix","Learn how to tell the difference between solid copper mugs and cheap, plated fakes. Our expert guide covers the magnet test, weight, and craftsmanship clues.","https://www.moscowmix.com/journal/real-copper-mugs-guide","https://www.moscowmix.com/journal/real-copper-mugs-guide","article","7315","true",""
"https://www.moscowmix.com/journal/natural-fire-starters-work","https://www.moscowmix.com/journal/natural-fire-starters-work","200","Why Natural Fire Starters Work When Other Fire-Starting Methods Fail | Moscow Mix","Tired of failed fires? Discover why natural wood wool fire starters are more reliable than paper or chemical cubes, offering superior moisture resistance, burn time, and airflow.","https://www.moscowmix.com/journal/natural-fire-starters-work","https://www.moscowmix.com/journal/natural-fire-starters-work","article","7680","true",""
"https://www.moscowmix.com/journal/copper-jug-modern-kitchen","https://www.moscowmix.com/journal/copper-jug-modern-kitchen","200","Why Copper Jugs Still Belong in Modern Kitchens | Moscow Mix","Explore why the classic copper jug is a must-have for modern kitchens, blending ancient wellness benefits, timeless design, and functional elegance for daily hydration and entertaining.","https://www.moscowmix.com/journal/copper-jug-modern-kitchen","https://www.moscowmix.com/journal/copper-jug-modern-kitchen","article","8442","true",""
"https://www.moscowmix.com/journal/copper-water-bottle-benefits","https://www.moscowmix.com/journal/copper-water-bottle-benefits","200","Why More People Are Switching to Copper Water Bottles for Everyday Hydration | Moscow Mix","Explore the benefits of switching to a copper water bottle, from improved taste and timeless style to durability and sustainability. Elevate your daily hydration ritual.","https://www.moscowmix.com/journal/copper-water-bottle-benefits","https://www.moscowmix.com/journal/copper-water-bottle-benefits","article","6992","true",""
"https://www.moscowmix.com/journal/copper-mug-cleaning-guide","https://www.moscowmix.com/journal/copper-mug-cleaning-guide","200","How to Clean Copper Mugs: Keep Your Moscow Mules Gleaming | Moscow Mix","Your expert guide to cleaning and maintaining pure copper Moscow Mule mugs. Learn how to remove tarnish with natural methods and keep your barware gleaming.","https://www.moscowmix.com/journal/copper-mug-cleaning-guide","https://www.moscowmix.com/journal/copper-mug-cleaning-guide","article","7658","true",""
"https://www.moscowmix.com/journal/natural-fire-starters-pizza-ovens","https://www.moscowmix.com/journal/natural-fire-starters-pizza-ovens","200","Why Natural Wood Fire Starters Are Perfect for Pizza Ovens | Moscow Mix","Learn why natural wood fire starters are essential for your pizza oven. Discover how a clean, chemical-free burn protects flavor, ensures easy ignition, and elevates your homemade pizza.","https://www.moscowmix.com/journal/natural-fire-starters-pizza-ovens","https://www.moscowmix.com/journal/natural-fire-starters-pizza-ovens","article","8593","true",""
"https://www.moscowmix.com/journal/natural-fire-starters-home-use","https://www.moscowmix.com/journal/natural-fire-starters-home-use","200","Beyond Camping: Everyday Uses for Natural Wood Fire Starters at Home | Moscow Mix","Discover the versatile, everyday uses for natural wood fire starters at home. Learn how to easily light your fireplace, BBQ grill, fire pit, and more for a clean, effortless fire.","https://www.moscowmix.com/journal/natural-fire-starters-home-use","https://www.moscowmix.com/journal/natural-fire-starters-home-use","article","7692","true",""
"https://www.moscowmix.com/journal/copper-water-jugs-bottles","https://www.moscowmix.com/journal/copper-water-jugs-bottles","200","How to Use Copper Water the Right Way: Jugs vs. Bottles Explained | Moscow Mix","Discover the proper way to use copper water for daily hydration. Our expert guide explains the difference between copper jugs and bottles, how long to store water, and common mistakes to avoid.","https://www.moscowmix.com/journal/copper-water-jugs-bottles","https://www.moscowmix.com/journal/copper-water-jugs-bottles","article","7470","true",""
"https://www.moscowmix.com/journal/wood-wool-fire-starters-work","https://www.moscowmix.com/journal/wood-wool-fire-starters-work","200","Why Wood Wool Fire Starters Work When Everything Else Fails | Moscow Mix","Struggling with damp wood or windy conditions? Discover the science behind why natural wood wool fire starters provide a reliable, long-burning flame when paper and kindling fail.","https://www.moscowmix.com/journal/wood-wool-fire-starters-work","https://www.moscowmix.com/journal/wood-wool-fire-starters-work","article","8548","true",""
"https://www.moscowmix.com/journal/copper-barware-housewarming-gift","https://www.moscowmix.com/journal/copper-barware-housewarming-gift","200","5 Reasons Why Copper Barware Makes the Perfect Housewarming Gift | Moscow Mix","Looking for the perfect housewarming gift? Discover 5 reasons why luxury copper barware from Moscow Mix is a timeless, elegant, and thoughtful choice for any new home.","https://www.moscowmix.com/journal/copper-barware-housewarming-gift","https://www.moscowmix.com/journal/copper-barware-housewarming-gift","article","8157","true",""
"https://www.moscowmix.com/journal/moscow-mule-variations","https://www.moscowmix.com/journal/moscow-mule-variations","200","5 Best Moscow Mule Variations Beyond the Original Recipe | Moscow Mix","Explore 5 delicious Moscow Mule variations beyond the classic recipe. Learn how to make Mexican, Kentucky, and Garden Mules and why a pure copper mug is essential. Perfect for your next gathering.","https://www.moscowmix.com/journal/moscow-mule-variations","https://www.moscowmix.com/journal/moscow-mule-variations","article","8793","true",""
"https://www.moscowmix.com/journal/natural-fire-starters-journey","https://www.moscowmix.com/journal/natural-fire-starters-journey","200","From Forest to Flame: My Journey with Natural Fire Starters | Moscow Mix","A personal story on switching to natural fire starters. Learn why wood wool starters are a safer, more reliable, and eco-friendly choice for your campfire or fireplace.","https://www.moscowmix.com/journal/natural-fire-starters-journey","https://www.moscowmix.com/journal/natural-fire-starters-journey","article","8819","true",""
"https://www.moscowmix.com/journal/wood-wool-fire-starters-camping","https://www.moscowmix.com/journal/wood-wool-fire-starters-camping","200","5 Reasons Why Wood Wool Fire Starters Are a Camper&#x27;s Best Friend | Moscow Mix","Discover the top 5 reasons why all-natural wood wool fire starters are a camper&#x27;s best friend. Learn how their reliability, eco-friendly design, and ease of use will elevate your campfire experience.","https://www.moscowmix.com/journal/wood-wool-fire-starters-camping","https://www.moscowmix.com/journal/wood-wool-fire-starters-camping","article","9086","true",""
"https://www.moscowmix.com/journal/grandmother-moscow-mule-recipe","https://www.moscowmix.com/journal/grandmother-moscow-mule-recipe","200","Moscow Mule Magic: My Grandmother&#x27;s Timeless Cocktail Recipe | Moscow Mix","Discover a timeless Moscow Mule recipe passed down through generations. Learn the story behind the magic and why pure copper mugs are essential for the perfect sip.","https://www.moscowmix.com/journal/grandmother-moscow-mule-recipe","https://www.moscowmix.com/journal/grandmother-moscow-mule-recipe","article","8112","true",""
"https://www.moscowmix.com/journal/copper-gray-hair-facts","https://www.moscowmix.com/journal/copper-gray-hair-facts","200","Copper, Gray Hair, and the Internet Buzz: What’s Fact, What’s Tradition, and What’s Still Unclear | Moscow Mix","Does drinking from copper vessels help with gray hair? We explore the science behind copper and melanin, its role in Ayurveda, and what&#x27;s fact vs. fiction.","https://www.moscowmix.com/journal/copper-gray-hair-facts","https://www.moscowmix.com/journal/copper-gray-hair-facts","article","8341","true",""
"https://www.moscowmix.com/journal/copper-barware-home-happy-hour","https://www.moscowmix.com/journal/copper-barware-home-happy-hour","200","Moscow Mix Copper Barware: Elevating Your Home Happy Hour | Moscow Mix","Discover how to transform your home gatherings into sophisticated happy hour events with Moscow Mix&#x27;s exquisite hammered copper barware. Elevate your hosting game.","https://www.moscowmix.com/journal/copper-barware-home-happy-hour","https://www.moscowmix.com/journal/copper-barware-home-happy-hour","article","9470","true",""
"https://www.moscowmix.com/journal/best-camping-fire-starter","https://www.moscowmix.com/journal/best-camping-fire-starter","200","5 Reasons Wood Wool Fire Starters is the BEST Fire Starter For Camping | Moscow Mix","Discover the 5 reasons why natural wood wool fire starters are the best choice for camping. Learn about their eco-friendly, all-weather reliability and ease of use.","https://www.moscowmix.com/journal/best-camping-fire-starter","https://www.moscowmix.com/journal/best-camping-fire-starter","article","8096","true",""
"https://www.moscowmix.com/journal/cozy-fireplace-happy-hour","https://www.moscowmix.com/journal/cozy-fireplace-happy-hour","200","From Cabin to Cocktails: My Cozy Fireplace Happy Hour Tradition | Moscow Mix","Learn how to create a cozy fireplace happy hour tradition. A personal story about crafting the perfect ambiance with a crackling fire and a classic Moscow Mule in a pure copper mug.","https://www.moscowmix.com/journal/cozy-fireplace-happy-hour","https://www.moscowmix.com/journal/cozy-fireplace-happy-hour","article","6025","true",""
"https://www.moscowmix.com/journal/copper-health-benefits","https://www.moscowmix.com/journal/copper-health-benefits","200","The Health Benefits of Copper: Beyond the Moscow Mule | Moscow Mix","Explore the science-backed health benefits of using pure copper drinkware. Learn about its antimicrobial properties, Ayurvedic traditions, and how it can elevate your wellness routine.","https://www.moscowmix.com/journal/copper-health-benefits","https://www.moscowmix.com/journal/copper-health-benefits","article","8041","true",""
"https://www.moscowmix.com/journal/ayurveda-copper-vessels","https://www.moscowmix.com/journal/ayurveda-copper-vessels","200","The Ayurvedic Perspective: Drinking Water from Copper Vessels | Moscow Mix","Explore the Ayurvedic tradition of drinking water from copper vessels (Tamra Jal). Learn the history, benefits, and how to incorporate this mindful ritual into your modern wellness routine.","https://www.moscowmix.com/journal/ayurveda-copper-vessels","https://www.moscowmix.com/journal/ayurveda-copper-vessels","article","8319","true",""
"https://www.moscowmix.com/journal/winter-wedding-copper-gift-registry-for-couples","https://www.moscowmix.com/journal/winter-wedding-copper-gift-registry-for-couples","200","Winter Wedding Bliss: The Perfect Copper Gift Registry for Couples | Moscow Mix","Planning a winter wedding? Discover why pure copper barware from Moscow Mix is the perfect, enduring addition to your gift registry for a lifetime of warmth.","https://www.moscowmix.com/journal/winter-wedding-copper-gift-registry-for-couples","https://www.moscowmix.com/journal/winter-wedding-copper-gift-registry-for-couples","article","9416","true",""
"https://www.moscowmix.com/journal/copper-care-complete-guide","https://www.moscowmix.com/journal/copper-care-complete-guide","200","How to Care for Copper Items: The Complete Guide for Mugs, Bottles, and Barware | Moscow Mix","Your complete guide to caring for copper items. Learn how to clean and polish your copper mugs, bottles, and barware using simple, natural methods to preserve their shine.","https://www.moscowmix.com/journal/copper-care-complete-guide","https://www.moscowmix.com/journal/copper-care-complete-guide","article","8329","true",""
"https://www.moscowmix.com/journal/5-moscow-mule-variations-summer-party","https://www.moscowmix.com/journal/5-moscow-mule-variations-summer-party","200","5 Must-Have Moscow Mule Variations for Your Next Summer Party | Moscow Mix","Tired of the same old Moscow Mule? Discover 5 unique and refreshing variations perfect for your next summer party. Elevate your hosting with these creative cocktail recipes.","https://www.moscowmix.com/journal/5-moscow-mule-variations-summer-party","https://www.moscowmix.com/journal/5-moscow-mule-variations-summer-party","article","7566","true",""
"https://www.moscowmix.com/journal/wood-wool-fire-starters-winter-camping-secret-weapon","https://www.moscowmix.com/journal/wood-wool-fire-starters-winter-camping-secret-weapon","200","Why Wood Wool Fire Starters are Your Secret Weapon for Winter Camping | Moscow Mix","Unlock the secret to effortless winter campfires. Discover why natural wood wool fire starters are the most reliable, eco-friendly choice for any cold-weather adventurer.","https://www.moscowmix.com/journal/wood-wool-fire-starters-winter-camping-secret-weapon","https://www.moscowmix.com/journal/wood-wool-fire-starters-winter-camping-secret-weapon","article","8180","true",""
"https://www.moscowmix.com/journal/how-to-clean-copper-mugs-prevent-tarnish","https://www.moscowmix.com/journal/how-to-clean-copper-mugs-prevent-tarnish","200","How to Clean Your Copper Mugs: Maintain Shine &amp; Prevent Tarnish | Moscow Mix","Keep your Moscow Mix copper mugs gleaming with our expert guide. Learn how to clean copper naturally, remove tarnish, and maintain a brilliant shine for years to come.","https://www.moscowmix.com/journal/how-to-clean-copper-mugs-prevent-tarnish","https://www.moscowmix.com/journal/how-to-clean-copper-mugs-prevent-tarnish","article","9304","true",""
"https://www.moscowmix.com/journal/creative-cocktails-copper-cups-pitchers","https://www.moscowmix.com/journal/creative-cocktails-copper-cups-pitchers","200","Beyond the Mule: Creative Cocktails with Copper Cups &amp; Pitchers | Moscow Mix","Unlock the full potential of your copper barware. Discover unique and creative cocktail recipes for copper mugs and pitchers that go far beyond the classic Moscow Mule.","https://www.moscowmix.com/journal/creative-cocktails-copper-cups-pitchers","https://www.moscowmix.com/journal/creative-cocktails-copper-cups-pitchers","article","7518","true",""
"https://www.moscowmix.com/journal/why-moscow-mules-are-served-in-copper-mugs","https://www.moscowmix.com/journal/why-moscow-mules-are-served-in-copper-mugs","200","Why Moscow Mules Are Always Served in Copper (It’s Not Just Tradition) | Moscow Mix","Discover the real reason Moscow Mules are served in copper mugs. It&#x27;s more than tradition—it&#x27;s about science, taste, and the ultimate cocktail experience.","https://www.moscowmix.com/journal/why-moscow-mules-are-served-in-copper-mugs","https://www.moscowmix.com/journal/why-moscow-mules-are-served-in-copper-mugs","article","7178","true",""
"https://www.moscowmix.com/journal/why-water-tastes-better-in-copper-bottle-guide","https://www.moscowmix.com/journal/why-water-tastes-better-in-copper-bottle-guide","200","Why Your Water Tastes Better in Copper (And How to Use a Copper Water Bottle Correctly) | Moscow Mix","Discover the science and Ayurvedic wisdom behind why water tastes better from a copper bottle. Learn how to use and clean your vessel correctly for optimal benefits.","https://www.moscowmix.com/journal/why-water-tastes-better-in-copper-bottle-guide","https://www.moscowmix.com/journal/why-water-tastes-better-in-copper-bottle-guide","article","7572","true",""
"https://www.moscowmix.com/journal/moscow-mule-magic-elevate-cocktail-game-copper-mugs","https://www.moscowmix.com/journal/moscow-mule-magic-elevate-cocktail-game-copper-mugs","200","Moscow Mule Magic: Elevate Your Cocktail Game with Copper Mugs | Moscow Mix","Elevate your cocktail game with the Moscow Mule. Explore its surprising history, the science of why pure copper mugs are essential for taste and temperature, and find the perfect classic recipe and variations.","https://www.moscowmix.com/journal/moscow-mule-magic-elevate-cocktail-game-copper-mugs","https://www.moscowmix.com/journal/moscow-mule-magic-elevate-cocktail-game-copper-mugs","article","8404","true",""
"https://www.moscowmix.com/journal/from-morning-water-to-evening-fire-a-day-built-around-simple-rituals","https://www.moscowmix.com/journal/from-morning-water-to-evening-fire-a-day-built-around-simple-rituals","200","From Morning Water to Evening Fire: A Day Built Around Simple Rituals | Moscow Mix","Elevate your daily routine by embracing simple rituals. Discover how intentional moments, from morning hydration with copper vessels to cozy evening fires, can bring calm and meaning to your life.","https://www.moscowmix.com/journal/from-morning-water-to-evening-fire-a-day-built-around-simple-rituals","https://www.moscowmix.com/journal/from-morning-water-to-evening-fire-a-day-built-around-simple-rituals","article","6808","true",""
"https://www.moscowmix.com/journal/the-patina-effect-why-copper-mugs-age-beautifully","https://www.moscowmix.com/journal/the-patina-effect-why-copper-mugs-age-beautifully","200","The Patina Effect: Why Copper Mugs Age Beautifully | Moscow Mix","Learn why the patina on pure copper mugs isn&#x27;t a flaw, but a beautiful story. Explore the science of oxidation, patina vs. tarnish, and how to care for your luxury barware.","https://www.moscowmix.com/journal/the-patina-effect-why-copper-mugs-age-beautifully","https://www.moscowmix.com/journal/the-patina-effect-why-copper-mugs-age-beautifully","article","7194","true",""
"https://www.moscowmix.com/journal/the-quiet-return-to-materials-that-last","https://www.moscowmix.com/journal/the-quiet-return-to-materials-that-last","200","The Quiet Return to Materials That Last | Moscow Mix","Discover why discerning homeowners are turning to enduring materials like copper and natural fire starters, embracing longevity, craftsmanship, and intentional living.","https://www.moscowmix.com/journal/the-quiet-return-to-materials-that-last","https://www.moscowmix.com/journal/the-quiet-return-to-materials-that-last","article","13639","true",""
"https://www.moscowmix.com/journal/what-thoughtful-hosting-looks-like-simpler-than-you-think","https://www.moscowmix.com/journal/what-thoughtful-hosting-looks-like-simpler-than-you-think","200","What Thoughtful Hosting Really Looks Like (It’s Simpler Than You Think) | Moscow Mix","Uncover the secrets to thoughtful hosting. Learn how simple, intentional choices with beautiful copper drinkware and the cozy warmth of a fire create an inviting, memorable home atmosphere for effortless entertaining.","https://www.moscowmix.com/journal/what-thoughtful-hosting-looks-like-simpler-than-you-think","https://www.moscowmix.com/journal/what-thoughtful-hosting-looks-like-simpler-than-you-think","article","11451","true",""
"https://www.moscowmix.com/journal/a-day-at-home-done-well-copper-water-fire-rituals","https://www.moscowmix.com/journal/a-day-at-home-done-well-copper-water-fire-rituals","200","A Day at Home, Done Well: Simple Rituals with Copper, Water &amp; Fire | Moscow Mix","Discover the art of intentional living with Moscow Mix. Explore simple daily rituals centered around copper, water, and fire to cultivate a calm, grounded, and luxurious day at home, from mindful mornings to serene evenings.","https://www.moscowmix.com/journal/a-day-at-home-done-well-copper-water-fire-rituals","https://www.moscowmix.com/journal/a-day-at-home-done-well-copper-water-fire-rituals","article","13463","true",""
"https://www.moscowmix.com/journal/the-cozy-upgrade-most-homes-overlook-in-winter","https://www.moscowmix.com/journal/the-cozy-upgrade-most-homes-overlook-in-winter","200","The Cozy Upgrade Most Homes Overlook in Winter | Moscow Mix","Unlock the unparalleled warmth and ambiance of a real fire this winter. Learn why an easy-to-use fire starter is the essential upgrade for a truly cozy, luxury home. Elevate your living space with Moscow Mix.","https://www.moscowmix.com/journal/the-cozy-upgrade-most-homes-overlook-in-winter","https://www.moscowmix.com/journal/the-cozy-upgrade-most-homes-overlook-in-winter","article","13874","true",""
"https://www.moscowmix.com/journal/why-moscow-mule-became-classic-still-matters-today","https://www.moscowmix.com/journal/why-moscow-mule-became-classic-still-matters-today","200","Why the Moscow Mule Became a Classic (And Why It Still Matters Today) | Moscow Mix","Explore the fascinating history of the Moscow Mule cocktail, its iconic copper mug, and why this refreshing classic remains a beloved staple in modern entertaining and lifestyle today.","https://www.moscowmix.com/journal/why-moscow-mule-became-classic-still-matters-today","https://www.moscowmix.com/journal/why-moscow-mule-became-classic-still-matters-today","article","13011","true",""
"https://www.moscowmix.com/journal/copper-wellness-ancient-ritual-modern-living","https://www.moscowmix.com/journal/copper-wellness-ancient-ritual-modern-living","200","Copper &amp; Wellness: An Ancient Ritual for Modern Living | Moscow Mix","Explore the ancient Ayurvedic practice of Tamra Jal – drinking water from copper vessels – and learn how to integrate this mindful wellness ritual into your modern lifestyle. Discover tradition, balance, and pure hydration.","https://www.moscowmix.com/journal/copper-wellness-ancient-ritual-modern-living","https://www.moscowmix.com/journal/copper-wellness-ancient-ritual-modern-living","article","11968","true",""
"https://www.moscowmix.com/journal/why-real-copper-makes-moscow-mule-taste-better","https://www.moscowmix.com/journal/why-real-copper-makes-moscow-mule-taste-better","200","Why Real Copper Makes a Moscow Mule Taste Better | Moscow Mix","Explore the science and sensory benefits of pure copper Moscow Mule mugs. Learn how thermal conductivity and chemical reactions enhance the flavor of your cocktail.","https://www.moscowmix.com/journal/why-real-copper-makes-moscow-mule-taste-better","https://www.moscowmix.com/journal/why-real-copper-makes-moscow-mule-taste-better","article","7926","true",""
"https://www.moscowmix.com/journal/new-year-new-rituals-celebrate-reset-copper","https://www.moscowmix.com/journal/new-year-new-rituals-celebrate-reset-copper","200","New Year, New Rituals: Celebrate &amp; Reset with Copper | Moscow Mix","Celebrate &amp; reset in 2026 with Moscow Mix&#x27;s New Year ritual guide. Elevate toasts with copper mugs, boost wellness with copper water, and embrace nature with natural fire starters for an intentional year.","https://www.moscowmix.com/journal/new-year-new-rituals-celebrate-reset-copper","https://www.moscowmix.com/journal/new-year-new-rituals-celebrate-reset-copper","article","12036","true",""
"https://www.moscowmix.com/journal/winter-evenings-made-easy-fire-at-home","https://www.moscowmix.com/journal/winter-evenings-made-easy-fire-at-home","200","Winter Evenings, Made Easy: A Better Way to Light a Fire at Home | Moscow Mix","Embrace the magic of Moscow&#x27;s winter evenings. Learn how natural fire starters simplify the ritual of lighting your fireplace, creating a clean, consistent, and effortlessly warm ambiance for unforgettable nights at home. Moscow Mix guides you to refined comfort.","https://www.moscowmix.com/journal/winter-evenings-made-easy-fire-at-home","https://www.moscowmix.com/journal/winter-evenings-made-easy-fire-at-home","article","11705","true",""
"https://www.moscowmix.com/journal/a-fresh-start-simple-wellness-rituals-copper-water-new-year","https://www.moscowmix.com/journal/a-fresh-start-simple-wellness-rituals-copper-water-new-year","200","A Fresh Start: Simple Wellness Rituals with Copper Water for the New Year | Moscow Mix","Step into the New Year with gentle intentions. Explore how incorporating copper water into simple daily rituals can foster balance, mindful living, and holistic well-being. A guide to a calmer, more hydrated you with Moscow Mix.","https://www.moscowmix.com/journal/a-fresh-start-simple-wellness-rituals-copper-water-new-year","https://www.moscowmix.com/journal/a-fresh-start-simple-wellness-rituals-copper-water-new-year","article","18235","true",""
"https://www.moscowmix.com/journal/cozy-winter-ritual-copper-cocktails-crackling-fires-slow-evenings-at-home","https://www.moscowmix.com/journal/cozy-winter-ritual-copper-cocktails-crackling-fires-slow-evenings-at-home","200","The Cozy Winter Ritual: Copper Cocktails, Crackling Fires &amp; Slow Evenings at Home | Moscow Mix","Discover how to transform your winter evenings into luxurious, slow-paced rituals with the perfect blend of elegant copper drinkware, warming fires, and delicious cocktails. Create your serene escape.","https://www.moscowmix.com/journal/cozy-winter-ritual-copper-cocktails-crackling-fires-slow-evenings-at-home","https://www.moscowmix.com/journal/cozy-winter-ritual-copper-cocktails-crackling-fires-slow-evenings-at-home","article","13088","true",""
"https://www.moscowmix.com/journal/9-festive-moscow-mule-recipes-christmas","https://www.moscowmix.com/journal/9-festive-moscow-mule-recipes-christmas","200","9 Festive Moscow Mule Recipes to Sip This Christmas | Moscow Mix","Unwrap the spirit of Christmas with 9 exquisite Moscow Mule recipes. From Cranberry Rosemary to Peppermint White Chocolate, discover unique holiday twists crafted in pure copper mugs for your festive celebrations.","https://www.moscowmix.com/journal/9-festive-moscow-mule-recipes-christmas","https://www.moscowmix.com/journal/9-festive-moscow-mule-recipes-christmas","article","13647","true",""
"https://www.moscowmix.com/journal/fire-starters-natural-cubes","https://www.moscowmix.com/journal/fire-starters-natural-cubes","200","The Safest Way to Light a Fire Indoors or Outdoors: Why Natural Cube Fire Starters Are the Best Option | Moscow Mix","Discover the safest way to ignite fires indoors or outdoors with natural cube fire starters. Learn why natural, non-toxic alternatives are superior to lighter fluid, paraffin, and DIY hacks for families and enthusiasts. Ensure clean, consistent, and eco-friendly ignition every time.","https://www.moscowmix.com/journal/fire-starters-natural-cubes","https://www.moscowmix.com/journal/fire-starters-natural-cubes","article","13502","true",""
"https://www.moscowmix.com/journal/why-moscow-mule-tastes-wrong","https://www.moscowmix.com/journal/why-moscow-mule-tastes-wrong","200","Why Your Moscow Mule Doesn’t Taste Right And How Real Copper Fixes It | Moscow Mix","Frustrated with bland Moscow Mules? Discover how authentic, pure copper mugs enhance flavor, maintain ideal chill, and restore the traditional experience. Moscow Mix reveals the secrets and helps you choose real copper for your perfect cocktail.","https://www.moscowmix.com/journal/why-moscow-mule-tastes-wrong","https://www.moscowmix.com/journal/why-moscow-mule-tastes-wrong","article","16299","true",""
"https://www.moscowmix.com/journal/storing-water-in-a-pure-copper-pitcher","https://www.moscowmix.com/journal/storing-water-in-a-pure-copper-pitcher","200","Why Storing Water in a Pure Copper Pitcher for 8 Hours Can Transform Its Quality | Moscow Mix","Discover how storing water in a pure copper pitcher for 8 hours, an ancient Ayurvedic practice, can enhance water quality, boost health, and bring holistic wellness to your luxury lifestyle. Learn about copper&#x27;s ionization and antimicrobial benefits, and safe usage guidelines.","https://www.moscowmix.com/journal/storing-water-in-a-pure-copper-pitcher","https://www.moscowmix.com/journal/storing-water-in-a-pure-copper-pitcher","article","16853","true",""
"https://www.moscowmix.com/journal/pure-copper-mugs-vs-stainless-steel-mugs","https://www.moscowmix.com/journal/pure-copper-mugs-vs-stainless-steel-mugs","200","Pure Copper vs. Stainless Steel: Which Water Vessel Is Actually Better for You? | Moscow Mix","Explore the ultimate comparison: Pure copper vs. stainless steel vs. glass water vessels. Discover health benefits, antimicrobial properties, and taste differences to choose the best for your luxury hydration.","https://www.moscowmix.com/journal/pure-copper-mugs-vs-stainless-steel-mugs","https://www.moscowmix.com/journal/pure-copper-mugs-vs-stainless-steel-mugs","article","13681","true",""
"https://www.moscowmix.com/journal/holiday-gift-guide-home-chefs-cocktail-lovers","https://www.moscowmix.com/journal/holiday-gift-guide-home-chefs-cocktail-lovers","200","Holiday Gift Guide for Home Chefs &amp; Cocktail Lovers: 10 Unique Ideas They’ll Actually Use | Moscow Mix","Uncover 10 luxurious and practical holiday gift ideas for home chefs and cocktail lovers, featuring Moscow Mix&#x27;s premium copperware and natural fire starters.","https://www.moscowmix.com/journal/holiday-gift-guide-home-chefs-cocktail-lovers","https://www.moscowmix.com/journal/holiday-gift-guide-home-chefs-cocktail-lovers","article","15804","true",""
"https://www.moscowmix.com/journal/fire-starters-for-camping-rank","https://www.moscowmix.com/journal/fire-starters-for-camping-rank","200","Fire Starters for Camping: The Cleanest, Easiest, and Most Reliable Options Ranked | Moscow Mix","Discover the top-ranked fire starters for camping, including matches, cotton balls, paraffin, and wood wool. Learn why Moscow Mix natural wood wool offers the cleanest, easiest, and most reliable ignition for your luxury outdoor adventures.","https://www.moscowmix.com/journal/fire-starters-for-camping-rank","https://www.moscowmix.com/journal/fire-starters-for-camping-rank","article","14181","true",""
"https://www.moscowmix.com/journal/the-ancient-practice-of-storing-water-in-copper","https://www.moscowmix.com/journal/the-ancient-practice-of-storing-water-in-copper","200","The Ancient Practice of Storing Water in Copper: What Modern Research Says | Moscow Mix","Explore the ancient Ayurvedic wisdom and modern scientific insights behind storing water in copper vessels. Discover the antimicrobial benefits, trace mineral infusion, and safe usage guidelines. Elevate your hydration with Moscow Mix&#x27;s exquisite copper water bottles and pitchers, blending tradition with luxury.","https://www.moscowmix.com/journal/the-ancient-practice-of-storing-water-in-copper","https://www.moscowmix.com/journal/the-ancient-practice-of-storing-water-in-copper","article","11591","true",""
"https://www.moscowmix.com/journal/why-cocktails-melt-fast-copper-mug-solution","https://www.moscowmix.com/journal/why-cocktails-melt-fast-copper-mug-solution","200","Why Your Cocktails Melt Too Fast And How a Copper Mug Fixes It | Moscow Mix","Tired of fast-melting ice ruining your craft cocktails? Learn the science behind thermal conductivity and how a premium pure copper mug from Moscow Mix ensures your drinks stay perfectly chilled, undiluted, and full of flavor from the first sip to the last. Elevate your home bar with genuine copper luxury.","https://www.moscowmix.com/journal/why-cocktails-melt-fast-copper-mug-solution","https://www.moscowmix.com/journal/why-cocktails-melt-fast-copper-mug-solution","article","17428","true",""
"https://www.moscowmix.com/privacy","https://www.moscowmix.com/privacy","200","Privacy Policy | Moscow Mix","Moscow Mix creates solid 100% pure copper mugs and natural fire starters with authenticity and purity at their core.","https://www.moscowmix.com/privacy","https://www.moscowmix.com","website","3342","true","generic-description|og-url-mismatch"
"https://www.moscowmix.com/terms","https://www.moscowmix.com/terms","200","Terms of Service | Moscow Mix","Moscow Mix creates solid 100% pure copper mugs and natural fire starters with authenticity and purity at their core.","https://www.moscowmix.com/terms","https://www.moscowmix.com","website","4483","true","generic-description|og-url-mismatch"
